Total Order Lines,LIFR%,VOFR%,Total Orders,OT%,IF%,OTIF%,On Time Target,In Full Target,OTIF Target
57096,65.96083788706738,96.59059222446581,31729,59.03117022282455,52.78136720350468,29.020769642913425,86.08571428571429,76.51428571428572,65.91428571428571
